product_id,name,category,unit_cost,selling_price,holding_cost_per_day,stockout_penalty,shelf_life_days,lead_time_days
1,Toned Milk 500ml,Dairy,25.00,28.00,0.10,5.00,2,1
2,Curd 400g,Dairy,32.00,38.00,0.15,9.00,5,1
3,White Bread 400g,Bakery,35.00,45.00,0.15,14.00,4,1
4,Eggs (pack of 6),Dairy,36.00,42.00,0.10,9.00,14,2
5,Sona Masoori Rice 5kg,Staples,300.00,350.00,0.20,70.00,,5
6,Whole Wheat Atta 5kg,Staples,220.00,260.00,0.15,55.00,,4
7,Sugar 1kg,Staples,42.00,48.00,0.03,9.00,,3
8,Bath Soap 100g,Personal Care,32.00,40.00,0.02,11.00,,7
9,Glucose Biscuits 250g,Snacks,20.00,25.00,0.01,7.00,,3
10,Sunflower Oil 1L,Staples,135.00,160.00,0.10,35.00,,5
