stockout_penalty_mult,order_cost,dss_minus_baseline,ci_low,ci_high,excludes_zero,seeds
0.5,0.0,22600.753999999997,21519.683206722886,23681.82479327711,True,10
0.5,30.0,17941.775999999998,16755.63078635693,19127.921213643065,True,10
0.5,100.0,15822.728000000003,14658.054809834817,16987.40119016519,True,10
1.0,0.0,28926.793999999994,27441.482803501174,30412.105196498815,True,10
1.0,30.0,23812.949,22175.531811453457,25450.366188546544,True,10
1.0,100.0,21742.275,20052.57418960892,23431.975810391083,True,10
2.0,0.0,41720.504,39190.29863922606,44250.709360773944,True,10
2.0,30.0,36067.45,33443.365612360176,38691.53438763982,True,10
2.0,100.0,33506.136,30780.141500933685,36232.13049906631,True,10
