product_id,name,dss_minus_baseline,ci_low,ci_high,excludes_zero,fill_rate_baseline,units_spoiled_baseline,orders_per_month_baseline,fill_rate_dss,units_spoiled_dss,orders_per_month_dss,fill_rate_dss_no_evidence,units_spoiled_dss_no_evidence,orders_per_month_dss_no_evidence
1,Toned Milk 500ml,7032.19,6403.616653183328,7660.763346816671,True,0.7770836636051233,138.1,15.0,0.9951576316053045,40.95,29.3,0.9360816667896674,97.9,29.65
2,Curd 400g,663.7974999999999,351.5481800338576,976.0468199661423,True,0.9393329497328949,17.55,7.8,0.9979696096362447,27.55,8.666666666666666,0.9870020929116491,48.1,8.583333333333334
3,White Bread 400g,4643.0625,4152.811283864014,5133.313716135986,True,0.9122888550223095,90.0,8.066666666666666,0.9992657617292199,44.1,12.283333333333333,0.9768529699922628,90.1,11.916666666666666
4,Eggs (pack of 6),118.99999999999982,65.91261263800146,172.08738736199817,True,0.9950945299735329,0.0,3.8333333333333335,0.997949231529567,0.0,3.8333333333333335,0.9846713366711486,0.0,3.8
5,Sona Masoori Rice 5kg,254.36999999999972,116.02784045874228,392.71215954125717,True,0.9983263154246702,0.0,3.7333333333333334,0.999794661190965,0.0,3.066666666666667,0.989429724976616,0.0,3.1
6,Whole Wheat Atta 5kg,209.91749999999956,93.81019691408319,326.02480308591595,True,0.9980732688148143,0.0,3.75,1.0,0.0,3.1333333333333333,0.9867374577136537,0.0,3.1
7,Sugar 1kg,83.42550000000028,48.61473527532262,118.23626472467794,True,0.9971125300300997,0.0,1.9,1.0,0.0,1.9166666666666667,0.9862999422169105,0.0,1.8833333333333333
8,Bath Soap 100g,97.11400000000057,40.63017745800568,153.59782254199547,True,0.9956413310337184,0.0,1.25,0.9999442586399109,0.0,1.3333333333333333,0.9930257174582586,0.0,1.3333333333333333
9,Glucose Biscuits 250g,71.40300000000062,12.797205615858957,130.00879438414228,True,0.9983790184537316,0.0,1.9333333333333333,0.9997169811320754,0.0,1.6666666666666667,0.9910445682745535,0.0,1.6666666666666667
10,Sunflower Oil 1L,179.05499999999884,143.89543040274316,214.21456959725452,True,0.9996217851739788,0.0,3.8,0.9999248120300752,0.0,2.8333333333333335,0.9892686717878656,0.0,2.8166666666666664
